Position,Company,Location,URL
Machine Learning Engineer,HeadshotPro,â›© Asia,/remote-jobs/remote-machine-learning-engineer-headshotpro-322227
Fullstack developer senior,CloudDevs,ğŸ’ƒ Latin America,/remote-jobs/remote-fullstack-developer-senior-clouddevs-297902
Python Full Stack Web Developer,Open Architects,ğŸ‡ºğŸ‡¸ United States,/remote-jobs/remote-python-full-stack-web-developer-open-architects-281416
AI engineer,Sticker Mule,ğŸŒ Worldwide,/remote-jobs/remote-ai-engineer-sticker-mule-213158
Senior Django Developer,Bluesquare,ğŸŒ Africa,/remote-jobs/remote-senior-django-developer-bluesquare-321191
Full Stack Software Engineer,QuickTrials,ğŸŒ Worldwide,/remote-jobs/remote-full-stack-software-engineer-quicktrials-240367
Data Engineer,Variant Perception,ğŸŒ North America,/remote-jobs/remote-data-engineer-variant-perception-315002
Senior Backend Python Developer Long term,Proxify,ğŸŒ Worldwide,/remote-jobs/remote-senior-backend-python-developer-long-term-proxify-206355
Data Engineer,Scalapay,Barcelona,/remote-jobs/remote-data-engineer-scalapay-188410
Engineer Golang Python,FinCompare,ğŸŒ Probably worldwide,/remote-jobs/remote-engineer-golang-python-fincompare-183780
Senior DevOps Engineer,Twist Bioscience,ğŸ‡ºğŸ‡¸ United States,/remote-jobs/remote-senior-devops-engineer-twist-bioscience-167248
Senior Software Engineer Test Hybrid,SonicWall,ğŸ‡ºğŸ‡¸ United States,/remote-jobs/remote-senior-software-engineer-test-hybrid-sonicwall-166721
Penetration Tester,ScienceLogic,ğŸ‡ºğŸ‡¸ United States,/remote-jobs/remote-penetration-tester-sciencelogic-164585
Senior Site Reliability Expert,Lightspeed Commerce,ğŸ‡ºğŸ‡¸ United States,/remote-jobs/remote-senior-site-reliability-expert-lightspeed-commerce-163296
Online Technology Intern,PlayStation Global,ğŸŒ Probably worldwide,/remote-jobs/remote-online-technology-intern-playstation-global-157134
Technical Lead Data Pipeline GPU Python C+,Planet,ğŸ‡ºğŸ‡¸ United States,/remote-jobs/remote-technical-lead-data-pipeline-gpu-python-c-planet-156908
IT Manager,Civis Analytics,ğŸ‡ºğŸ‡¸ United States,/remote-jobs/remote-it-manager-civis-analytics-151380
Security Automation Engineer,KnowBe4,ğŸ‡ºğŸ‡¸ United States,/remote-jobs/remote-security-automation-engineer-knowbe4-149809
Principal Full Stack Developer,Tailorbird  Inc.,ğŸ‡®ğŸ‡³ India,/remote-jobs/remote-principal-full-stack-developer-tailorbird-inc-149437
Senior Staff Engineer,Nomad Health Corporate,ğŸ‡ºğŸ‡¸ United States,/remote-jobs/remote-senior-staff-engineer-nomad-health-corporate-147706
Senior Open Source Developer & DevOps (Python  Django  React  AWS/OpenStack),OpenCraft,Anywhere in the World,/remote-jobs/opencraft-senior-open-source-developer-devops-python-django-react-aws-openstack
Python Testing Expert,CARU AG,Anywhere in the World,/remote-jobs/caru-ag-python-testing-expert
Lead Full-Stack Software Engineer - Python / Django,InfoBeans Inc.,USA Only,/remote-jobs/infobeans-inc-lead-full-stack-software-engineer-python-django
Senior/Staff Software Engineer - Backend/Python - USA (100% Remote),Close,USA Only,/remote-jobs/close-senior-staff-software-engineer-backend-python-usa-100-remote
Senior Backend Python Engineer: Long-term job - 100% remote,Proxify AB,Latin America Only/Europe Only/EMEA Only,/remote-jobs/proxify-ab-senior-backend-python-engineer-long-term-job-100-remote
